{"is_source_file": false, "format": "", "description": "", "external_files": [], "external_methods": [], "published": [], "classes": [], "methods": [], "calls": [], "search-terms": [], "state": 2, "file_id": 1, "knowledge_revision": 3, "git_revision": "0a9519292b7d73f4fb83a84cb1dbb372689fb532", "hash": "68093b20465fc44f42fa13f3fd41213e", "format-version": 4, "code-base-name": "cura_backend_service", "filename": "README.md", "revision_history": [{"3": "0a9519292b7d73f4fb83a84cb1dbb372689fb532"}]}